{
  "geometries": [
   {
      "hasZ": true,
      "rings": [
        [
          [ -159.53349374597499, 22.043465670590621, 641.42667277243936 ],
          [ -159.52821763299997, 22.042674874000056, 751.47960000000603 ],
          [ -159.51844938599996, 22.044064484000046, 1100.4130000000005 ],
          [ -159.5110295014625, 22.043140301282751, 956.16443911775991 ],
          [ -159.5110295014625, 22.042170651025081, 943.82319549937449 ],
          [ -159.53349374597499, 22.042170651025081, 657.90906095568778 ],
          [ -159.53349374597499, 22.043465670590621, 641.42667277243936 ]
        ]
      ]
    }
  ],
  "spatialReference": {
    "wkid": 4326,
    "latestWkid": 4326
  }
}